Test dimension, AvgTime
2D2, 0.019449680000000004
10D, 0.03869218
20D, 0.11629253999999997
2D, 0.05433328
100D, 0.24744318000000004
100D2, 9.347531220000002
