Test dimension, AvgTime
2D2, 7.54e-06
10D, 0.0023105400000000002
20D, 0.07633284
2D, 0.0070374800000000005
100D, 0.4773307
100D2, 16.54839028
