Test dimension, AvgTime
2D2, 1.6019999999999996e-05
10D, 0.0026619000000000005
20D, 0.12653024000000002
2D, 0.006835720000000002
100D, 0.5706070000000002
100D2, 23.793412559999993
